{
  "Sabuzbag": [
    [
      "###",
      "Transfer Date",
      "Transfer Code",
      "Product Code",
      "Order ID",
      "Model No",
      "Transfer to Branch",
      "Transfer From Branch",
      "Bank Name and Branch",
      "Check No",
      "Check Amount",
      "Transfer Status",
      "Product Purchase Price",
      "Distributor Name",
      "Product Category",
      "Product Category",
      "Action"
    ],
    [
      "Recieved",
      "Reject"
    ],
    [
      "Grant Total",
      "0",
      "",
      "",
      "",
      "",
      "",
      "",
      "",
      ""
    ]
  ],
  "Konapara": [
    [
      "###",
      "Transfer Date",
      "Transfer Code",
      "Product Code",
      "Order ID",
      "Model No",
      "Transfer to Branch",
      "Transfer From Branch",
      "Bank Name and Branch",
      "Check No",
      "Check Amount",
      "Transfer Status",
      "Product Purchase Price",
      "Distributor Name",
      "Product Category",
      "Product Category",
      "Action"
    ],
    [
      "Recieved",
      "Reject"
    ],
    [
      "Grant Total",
      "0",
      "",
      "",
      "",
      "",
      "",
      "",
      "",
      ""
    ]
  ],
  "Jatrabari": [
    [
      "###",
      "Transfer Date",
      "Transfer Code",
      "Product Code",
      "Order ID",
      "Model No",
      "Transfer to Branch",
      "Transfer From Branch",
      "Bank Name and Branch",
      "Check No",
      "Check Amount",
      "Transfer Status",
      "Product Purchase Price",
      "Distributor Name",
      "Product Category",
      "Product Category",
      "Action"
    ],
    [
      "Recieved",
      "Reject"
    ],
    [
      "Grant Total",
      "0",
      "",
      "",
      "",
      "",
      "",
      "",
      "",
      ""
    ]
  ],
  "Badda": [
    [
      "###",
      "Transfer Date",
      "Transfer Code",
      "Product Code",
      "Order ID",
      "Model No",
      "Transfer to Branch",
      "Transfer From Branch",
      "Bank Name and Branch",
      "Check No",
      "Check Amount",
      "Transfer Status",
      "Product Purchase Price",
      "Distributor Name",
      "Product Category",
      "Product Category",
      "Action"
    ],
    [
      "Recieved",
      "Reject"
    ],
    [
      "1",
      "2019-10-07",
      "000400002",
      "000400010",
      "0004000002",
      "SRTV-SLE43A7000STC",
      "Badda",
      "Jatrabari",
      "UCB Bank",
      "B4463697",
      "39122",
      "Received",
      "1",
      "39122",
      "Singer",
      "Smart TV",
      "From Branch",
      ""
    ],
    [
      "Grant Total",
      "1",
      "39122",
      "",
      "",
      "",
      "",
      "",
      "",
      ""
    ]
  ],
  "Postogola": [
    [
      "###",
      "Transfer Date",
      "Transfer Code",
      "Product Code",
      "Order ID",
      "Model No",
      "Transfer to Branch",
      "Transfer From Branch",
      "Bank Name and Branch",
      "Check No",
      "Check Amount",
      "Transfer Status",
      "Product Purchase Price",
      "Distributor Name",
      "Product Category",
      "Product Category",
      "Action"
    ],
    [
      "Recieved",
      "Reject"
    ],
    [
      "1",
      "2023-09-19",
      "000400003",
      "000400003",
      "0004000006",
      "SRTV-SLE43A5000GOTV",
      "Postogola",
      "Jatrabari",
      "Dhaka Bank",
      "1106751",
      "36513",
      "Received",
      "1",
      "36513",
      "Singer",
      "Smart TV",
      "From Branch",
      ""
    ],
    [
      "2",
      "2022-08-10",
      "000730003",
      "000730009",
      "0007300002",
      "SRTV-SLE32A7000GOTV",
      "Postogola",
      "Fotulla-2",
      "Dhaka Bank",
      "1106745",
      "24774",
      "Received",
      "1",
      "24774",
      "Singer",
      "Smart TV",
      "From Branch",
      ""
    ],
    [
      "Grant Total",
      "2",
      "61287",
      "",
      "",
      "",
      "",
      "",
      "",
      ""
    ]
  ],
  "Dakkhin khan": [
    [
      "###",
      "Transfer Date",
      "Transfer Code",
      "Product Code",
      "Order ID",
      "Model No",
      "Transfer to Branch",
      "Transfer From Branch",
      "Bank Name and Branch",
      "Check No",
      "Check Amount",
      "Transfer Status",
      "Product Purchase Price",
      "Distributor Name",
      "Product Category",
      "Product Category",
      "Action"
    ],
    [
      "Recieved",
      "Reject"
    ],
    [
      "1",
      "2023-05-16",
      "000100002",
      "000100016",
      "0001000010",
      "SRTV-SLE32E3AGOTV",
      "Dakkhin Khan",
      "Azampur",
      "Standard Bank",
      "7664538",
      "25209",
      "Received",
      "1",
      "25208",
      "Singer",
      "Smart TV",
      "From Branch",
      ""
    ],
    [
      "2",
      "2023-03-20",
      "000100001",
      "000100015",
      "0001000010",
      "SRTV-SLE32E3AGOTV",
      "Dakkhin Khan",
      "Azampur",
      "Standard Bank",
      "7664536",
      "25209",
      "Received",
      "1",
      "25208",
      "Singer",
      "Smart TV",
      "From Branch",
      ""
    ],
    [
      "Grant Total",
      "2",
      "50418",
      "",
      "",
      "",
      "",
      "",
      "",
      ""
    ]
  ],
  "Uttara": [
    [
      "###",
      "Transfer Date",
      "Transfer Code",
      "Product Code",
      "Order ID",
      "Model No",
      "Transfer to Branch",
      "Transfer From Branch",
      "Bank Name and Branch",
      "Check No",
      "Check Amount",
      "Transfer Status",
      "Product Purchase Price",
      "Distributor Name",
      "Product Category",
      "Product Category",
      "Action"
    ],
    [
      "Recieved",
      "Reject"
    ],
    [
      "Grant Total",
      "0",
      "",
      "",
      "",
      "",
      "",
      "",
      "",
      ""
    ]
  ],
  "Fotullaone": [
    [
      "###",
      "Transfer Date",
      "Transfer Code",
      "Product Code",
      "Order ID",
      "Model No",
      "Transfer to Branch",
      "Transfer From Branch",
      "Bank Name and Branch",
      "Check No",
      "Check Amount",
      "Transfer Status",
      "Product Purchase Price",
      "Distributor Name",
      "Product Category",
      "Product Category",
      "Action"
    ],
    [
      "Recieved",
      "Reject"
    ],
    [
      "1",
      "2023-03-09",
      "000730002",
      "000730007",
      "0007300004",
      "SRTV-SLE32E3AGOTV",
      "Fotulla-1",
      "Fotulla-2",
      "IFIC",
      "3987878",
      "25209",
      "Received",
      "1",
      "25209",
      "Singer",
      "Smart TV",
      "From Branch",
      ""
    ],
    [
      "2",
      "2023-03-07",
      "000730001",
      "000730005",
      "0007300003",
      "SRREF-SINGER-BCD-198R-RG",
      "Fotulla-1",
      "Fotulla-2",
      "IFIC",
      "3987878",
      "27817",
      "Received",
      "1",
      "27817",
      "Singer",
      "Refrigerator",
      "From Branch",
      ""
    ],
    [
      "Grant Total",
      "2",
      "53026",
      "",
      "",
      "",
      "",
      "",
      "",
      ""
    ]
  ],
  "Azampur": [
    [
      "###",
      "Transfer Date",
      "Transfer Code",
      "Product Code",
      "Order ID",
      "Model No",
      "Transfer to Branch",
      "Transfer From Branch",
      "Bank Name and Branch",
      "Check No",
      "Check Amount",
      "Transfer Status",
      "Product Purchase Price",
      "Distributor Name",
      "Product Category",
      "Product Category",
      "Action"
    ],
    [
      "Recieved",
      "Reject"
    ],
    [
      "Grant Total",
      "0",
      "",
      "",
      "",
      "",
      "",
      "",
      "",
      ""
    ]
  ],
  "Fotulla-2": [
    [
      "###",
      "Transfer Date",
      "Transfer Code",
      "Product Code",
      "Order ID",
      "Model No",
      "Transfer to Branch",
      "Transfer From Branch",
      "Bank Name and Branch",
      "Check No",
      "Check Amount",
      "Transfer Status",
      "Product Purchase Price",
      "Distributor Name",
      "Product Category",
      "Product Category",
      "Action"
    ],
    [
      "Recieved",
      "Reject"
    ],
    [
      "Grant Total",
      "0",
      "",
      "",
      "",
      "",
      "",
      "",
      "",
      ""
    ]
  ],
  "Dhanmondi": [
    [
      "###",
      "Transfer Date",
      "Transfer Code",
      "Product Code",
      "Order ID",
      "Model No",
      "Transfer to Branch",
      "Transfer From Branch",
      "Bank Name and Branch",
      "Check No",
      "Check Amount",
      "Transfer Status",
      "Product Purchase Price",
      "Distributor Name",
      "Product Category",
      "Product Category",
      "Action"
    ],
    [
      "Recieved",
      "Reject"
    ],
    [
      "Grant Total",
      "0",
      "",
      "",
      "",
      "",
      "",
      "",
      "",
      ""
    ]
  ],
  "Panchaboti": [
    [
      "###",
      "Transfer Date",
      "Transfer Code",
      "Product Code",
      "Order ID",
      "Model No",
      "Transfer to Branch",
      "Transfer From Branch",
      "Bank Name and Branch",
      "Check No",
      "Check Amount",
      "Transfer Status",
      "Product Purchase Price",
      "Distributor Name",
      "Product Category",
      "Product Category",
      "Action"
    ],
    [
      "Recieved",
      "Reject"
    ],
    [
      "Grant Total",
      "0",
      "",
      "",
      "",
      "",
      "",
      "",
      "",
      ""
    ]
  ],
  "Shamoly": [
    [
      "###",
      "Transfer Date",
      "Transfer Code",
      "Product Code",
      "Order ID",
      "Model No",
      "Transfer to Branch",
      "Transfer From Branch",
      "Bank Name and Branch",
      "Check No",
      "Check Amount",
      "Transfer Status",
      "Product Purchase Price",
      "Distributor Name",
      "Product Category",
      "Product Category",
      "Action"
    ],
    [
      "Recieved",
      "Reject"
    ],
    [
      "Grant Total",
      "0",
      "",
      "",
      "",
      "",
      "",
      "",
      "",
      ""
    ]
  ],
  "Lalbag": [
    [
      "###",
      "Transfer Date",
      "Transfer Code",
      "Product Code",
      "Order ID",
      "Model No",
      "Transfer to Branch",
      "Transfer From Branch",
      "Bank Name and Branch",
      "Check No",
      "Check Amount",
      "Transfer Status",
      "Product Purchase Price",
      "Distributor Name",
      "Product Category",
      "Product Category",
      "Action"
    ],
    [
      "Recieved",
      "Reject"
    ],
    [
      "Grant Total",
      "0",
      "",
      "",
      "",
      "",
      "",
      "",
      "",
      ""
    ]
  ],
  "Armanitola": [
    [
      "###",
      "Transfer Date",
      "Transfer Code",
      "Product Code",
      "Order ID",
      "Model No",
      "Transfer to Branch",
      "Transfer From Branch",
      "Bank Name and Branch",
      "Check No",
      "Check Amount",
      "Transfer Status",
      "Product Purchase Price",
      "Distributor Name",
      "Product Category",
      "Product Category",
      "Action"
    ],
    [
      "Recieved",
      "Reject"
    ],
    [
      "1",
      "2023-01-10",
      "001250001",
      "001250009",
      "0012500005",
      "SRTV-SLE43A5000GOTV",
      "Armanitola",
      "Noyabazar-2",
      "Agrani Bank & Becharamdewri",
      "3664063",
      "37383",
      "Received",
      "1",
      "37382",
      "Singer",
      "Smart TV",
      "From Branch",
      ""
    ],
    [
      "2",
      "2022-05-07",
      "000120003",
      "000120016",
      "0001200008",
      "SRREF-SINGER-BCD-198R-BG",
      "Armanitola",
      "Noyabazar-1",
      "Agrani Bank & Becharamdewri",
      "3664060",
      "27817",
      "Received",
      "1",
      "27817",
      "Singer",
      "Refrigerator",
      "From Branch",
      ""
    ],
    [
      "Grant Total",
      "2",
      "65200",
      "",
      "",
      "",
      "",
      "",
      "",
      ""
    ]
  ],
  "Noyabazarone": [
    [
      "###",
      "Transfer Date",
      "Transfer Code",
      "Product Code",
      "Order ID",
      "Model No",
      "Transfer to Branch",
      "Transfer From Branch",
      "Bank Name and Branch",
      "Check No",
      "Check Amount",
      "Transfer Status",
      "Product Purchase Price",
      "Distributor Name",
      "Product Category",
      "Product Category",
      "Action"
    ],
    [
      "Recieved",
      "Reject"
    ],
    [
      "Grant Total",
      "0",
      "",
      "",
      "",
      "",
      "",
      "",
      "",
      ""
    ]
  ],
  "noyabazar090": [
    [
      "###",
      "Transfer Date",
      "Transfer Code",
      "Product Code",
      "Order ID",
      "Model No",
      "Transfer to Branch",
      "Transfer From Branch",
      "Bank Name and Branch",
      "Check No",
      "Check Amount",
      "Transfer Status",
      "Product Purchase Price",
      "Distributor Name",
      "Product Category",
      "Product Category",
      "Action"
    ],
    [
      "Recieved",
      "Reject"
    ],
    [
      "1",
      "2022-01-13",
      "000120001",
      "000120010",
      "0001200006",
      "SRTV-SLE32A7000GOTV",
      "Noyabazar-3",
      "Noyabazar-1",
      "0",
      "0",
      "0",
      "Received",
      "1",
      "24773",
      "Singer",
      "Smart TV",
      "From Branch",
      ""
    ],
    [
      "Grant Total",
      "1",
      "0",
      "",
      "",
      "",
      "",
      "",
      "",
      ""
    ]
  ],
  "Noyabazar-2": [
    [
      "###",
      "Transfer Date",
      "Transfer Code",
      "Product Code",
      "Order ID",
      "Model No",
      "Transfer to Branch",
      "Transfer From Branch",
      "Bank Name and Branch",
      "Check No",
      "Check Amount",
      "Transfer Status",
      "Product Purchase Price",
      "Distributor Name",
      "Product Category",
      "Product Category",
      "Action"
    ],
    [
      "Recieved",
      "Reject"
    ],
    [
      "1",
      "2022-01-13",
      "000120004",
      "000120012",
      "0001200006",
      "SRTV-SLE32A7000GOTV",
      "Noyabazar-2",
      "Noyabazar-1",
      "0",
      "0",
      "0",
      "Received",
      "1",
      "24773",
      "Singer",
      "Smart TV",
      "From Branch",
      ""
    ],
    [
      "Grant Total",
      "1",
      "0",
      "",
      "",
      "",
      "",
      "",
      "",
      ""
    ]
  ],
  "Siddirgonj": [
    [
      "###",
      "Transfer Date",
      "Transfer Code",
      "Product Code",
      "Order ID",
      "Model No",
      "Transfer to Branch",
      "Transfer From Branch",
      "Bank Name and Branch",
      "Check No",
      "Check Amount",
      "Transfer Status",
      "Product Purchase Price",
      "Distributor Name",
      "Product Category",
      "Product Category",
      "Action"
    ],
    [
      "Recieved",
      "Reject"
    ],
    [
      "1",
      "2023-03-08",
      "000230005",
      "000230016",
      "0002300011",
      "SRTV-SLE32E3AGOTV",
      "Siddirgonj",
      "Sanarpar",
      "Premier Bank",
      "1917821",
      "25208",
      "Received",
      "1",
      "25209",
      "Singer",
      "Smart TV",
      "From Branch",
      ""
    ],
    [
      "2",
      "2023-02-09",
      "000210002",
      "000210040",
      "0002100029",
      "W43D210EG1",
      "Siddirgonj",
      "Sastapur-1",
      "Premier Bank",
      "1917819",
      "31400",
      "Received",
      "1",
      "31400",
      "Walton",
      "Smart TV",
      "From Branch",
      ""
    ],
    [
      "Grant Total",
      "2",
      "56608",
      "",
      "",
      "",
      "",
      "",
      "",
      ""
    ]
  ]
}