{
  "Jatrabari": [
    [
      "###",
      "Transfer Date",
      "Transfer Code",
      "Product Code",
      "Order ID",
      "Transfer to Branch",
      "Transfer From Branch",
      "Bank Name and Branch",
      "Check No",
      "Check Amount",
      "Transfer Status",
      "Product Purchase Price",
      "Distributor Name",
      "Product Category",
      "Product Category",
      "Action"
    ],
    [
      "Recieved",
      "Reject"
    ],
    [
      "1",
      "2023-09-19",
      "000400003",
      "000400003",
      "0004000006",
      "Postogola",
      "Jatrabari",
      "Dhaka Bank",
      "1106751",
      "36513",
      "Received",
      "1",
      "36513",
      "Singer",
      "Smart TV",
      "From Branch",
      ""
    ],
    [
      "2",
      "2019-10-07",
      "000400001",
      "000400009",
      "0004000001",
      "Narayongonj Sadar",
      "Jatrabari",
      "Jumona Bank",
      "B4463696",
      "32165",
      "Received",
      "1",
      "32165",
      "Singer",
      "Refrigerator",
      "From Branch",
      ""
    ],
    [
      "3",
      "2019-10-07",
      "000400002",
      "000400010",
      "0004000002",
      "Badda",
      "Jatrabari",
      "UCB Bank",
      "B4463697",
      "39122",
      "Received",
      "1",
      "39122",
      "Singer",
      "Smart TV",
      "From Branch",
      ""
    ],
    [
      "Grant Total",
      "3",
      "107800",
      "",
      "",
      "",
      "",
      "",
      "",
      ""
    ]
  ],
  "Konapara": [
    [
      "###",
      "Transfer Date",
      "Transfer Code",
      "Product Code",
      "Order ID",
      "Transfer to Branch",
      "Transfer From Branch",
      "Bank Name and Branch",
      "Check No",
      "Check Amount",
      "Transfer Status",
      "Product Purchase Price",
      "Distributor Name",
      "Product Category",
      "Product Category",
      "Action"
    ],
    [
      "Recieved",
      "Reject"
    ],
    [
      "Grant Total",
      "0",
      "",
      "",
      "",
      "",
      "",
      "",
      "",
      ""
    ]
  ],
  "Sabuzbag": [
    [
      "###",
      "Transfer Date",
      "Transfer Code",
      "Product Code",
      "Order ID",
      "Transfer to Branch",
      "Transfer From Branch",
      "Bank Name and Branch",
      "Check No",
      "Check Amount",
      "Transfer Status",
      "Product Purchase Price",
      "Distributor Name",
      "Product Category",
      "Product Category",
      "Action"
    ],
    [
      "Recieved",
      "Reject"
    ],
    [
      "Grant Total",
      "0",
      "",
      "",
      "",
      "",
      "",
      "",
      "",
      ""
    ]
  ],
  "Postogola": [
    [
      "###",
      "Transfer Date",
      "Transfer Code",
      "Product Code",
      "Order ID",
      "Transfer to Branch",
      "Transfer From Branch",
      "Bank Name and Branch",
      "Check No",
      "Check Amount",
      "Transfer Status",
      "Product Purchase Price",
      "Distributor Name",
      "Product Category",
      "Product Category",
      "Action"
    ],
    [
      "Recieved",
      "Reject"
    ],
    [
      "Grant Total",
      "0",
      "",
      "",
      "",
      "",
      "",
      "",
      "",
      ""
    ]
  ],
  "Badda": [
    [
      "###",
      "Transfer Date",
      "Transfer Code",
      "Product Code",
      "Order ID",
      "Transfer to Branch",
      "Transfer From Branch",
      "Bank Name and Branch",
      "Check No",
      "Check Amount",
      "Transfer Status",
      "Product Purchase Price",
      "Distributor Name",
      "Product Category",
      "Product Category",
      "Action"
    ],
    [
      "Recieved",
      "Reject"
    ],
    [
      "Grant Total",
      "0",
      "",
      "",
      "",
      "",
      "",
      "",
      "",
      ""
    ]
  ],
  "Azampur": [
    [
      "###",
      "Transfer Date",
      "Transfer Code",
      "Product Code",
      "Order ID",
      "Transfer to Branch",
      "Transfer From Branch",
      "Bank Name and Branch",
      "Check No",
      "Check Amount",
      "Transfer Status",
      "Product Purchase Price",
      "Distributor Name",
      "Product Category",
      "Product Category",
      "Action"
    ],
    [
      "Recieved",
      "Reject"
    ],
    [
      "1",
      "2023-05-16",
      "000100002",
      "000100016",
      "0001000010",
      "Dakkhin Khan",
      "Azampur",
      "Standard Bank",
      "7664538",
      "25209",
      "Received",
      "1",
      "25208",
      "Singer",
      "Smart TV",
      "From Branch",
      ""
    ],
    [
      "2",
      "2023-03-20",
      "000100001",
      "000100015",
      "0001000010",
      "Dakkhin Khan",
      "Azampur",
      "Standard Bank",
      "7664536",
      "25209",
      "Received",
      "1",
      "25208",
      "Singer",
      "Smart TV",
      "From Branch",
      ""
    ],
    [
      "Grant Total",
      "2",
      "50418",
      "",
      "",
      "",
      "",
      "",
      "",
      ""
    ]
  ],
  "Dakkhin khan": [
    [
      "###",
      "Transfer Date",
      "Transfer Code",
      "Product Code",
      "Order ID",
      "Transfer to Branch",
      "Transfer From Branch",
      "Bank Name and Branch",
      "Check No",
      "Check Amount",
      "Transfer Status",
      "Product Purchase Price",
      "Distributor Name",
      "Product Category",
      "Product Category",
      "Action"
    ],
    [
      "Recieved",
      "Reject"
    ],
    [
      "Grant Total",
      "0",
      "",
      "",
      "",
      "",
      "",
      "",
      "",
      ""
    ]
  ],
  "Fotulla-2": [
    [
      "###",
      "Transfer Date",
      "Transfer Code",
      "Product Code",
      "Order ID",
      "Transfer to Branch",
      "Transfer From Branch",
      "Bank Name and Branch",
      "Check No",
      "Check Amount",
      "Transfer Status",
      "Product Purchase Price",
      "Distributor Name",
      "Product Category",
      "Product Category",
      "Action"
    ],
    [
      "Recieved",
      "Reject"
    ],
    [
      "1",
      "2023-03-09",
      "000730002",
      "000730007",
      "0007300004",
      "Fotulla-1",
      "Fotulla-2",
      "IFIC",
      "3987878",
      "25209",
      "Received",
      "1",
      "25209",
      "Singer",
      "Smart TV",
      "From Branch",
      ""
    ],
    [
      "2",
      "2023-03-07",
      "000730001",
      "000730005",
      "0007300003",
      "Fotulla-1",
      "Fotulla-2",
      "IFIC",
      "3987878",
      "27817",
      "Received",
      "1",
      "27817",
      "Singer",
      "Refrigerator",
      "From Branch",
      ""
    ],
    [
      "3",
      "2022-08-10",
      "000730003",
      "000730009",
      "0007300002",
      "Postogola",
      "Fotulla-2",
      "Dhaka Bank",
      "1106745",
      "24774",
      "Received",
      "1",
      "24774",
      "Singer",
      "Smart TV",
      "From Branch",
      ""
    ],
    [
      "Grant Total",
      "3",
      "77800",
      "",
      "",
      "",
      "",
      "",
      "",
      ""
    ]
  ],
  "Uttara": [
    [
      "###",
      "Transfer Date",
      "Transfer Code",
      "Product Code",
      "Order ID",
      "Transfer to Branch",
      "Transfer From Branch",
      "Bank Name and Branch",
      "Check No",
      "Check Amount",
      "Transfer Status",
      "Product Purchase Price",
      "Distributor Name",
      "Product Category",
      "Product Category",
      "Action"
    ],
    [
      "Recieved",
      "Reject"
    ],
    [
      "1",
      "2023-03-15",
      "001030001",
      "001030015",
      "0010300013",
      "Uttara-NEED",
      "Uttara",
      "Stnadard Bank Limited",
      "7962463",
      "25209",
      "Received",
      "1",
      "25209",
      "Singer",
      "Smart TV",
      "From Branch",
      ""
    ],
    [
      "Grant Total",
      "1",
      "25209",
      "",
      "",
      "",
      "",
      "",
      "",
      ""
    ]
  ],
  "Fotullaone": [
    [
      "###",
      "Transfer Date",
      "Transfer Code",
      "Product Code",
      "Order ID",
      "Transfer to Branch",
      "Transfer From Branch",
      "Bank Name and Branch",
      "Check No",
      "Check Amount",
      "Transfer Status",
      "Product Purchase Price",
      "Distributor Name",
      "Product Category",
      "Product Category",
      "Action"
    ],
    [
      "Recieved",
      "Reject"
    ],
    [
      "Grant Total",
      "0",
      "",
      "",
      "",
      "",
      "",
      "",
      "",
      ""
    ]
  ],
  "Panchaboti": [
    [
      "###",
      "Transfer Date",
      "Transfer Code",
      "Product Code",
      "Order ID",
      "Transfer to Branch",
      "Transfer From Branch",
      "Bank Name and Branch",
      "Check No",
      "Check Amount",
      "Transfer Status",
      "Product Purchase Price",
      "Distributor Name",
      "Product Category",
      "Product Category",
      "Action"
    ],
    [
      "Recieved",
      "Reject"
    ],
    [
      "Grant Total",
      "0",
      "",
      "",
      "",
      "",
      "",
      "",
      "",
      ""
    ]
  ],
  "Lalbag": [
    [
      "###",
      "Transfer Date",
      "Transfer Code",
      "Product Code",
      "Order ID",
      "Transfer to Branch",
      "Transfer From Branch",
      "Bank Name and Branch",
      "Check No",
      "Check Amount",
      "Transfer Status",
      "Product Purchase Price",
      "Distributor Name",
      "Product Category",
      "Product Category",
      "Action"
    ],
    [
      "Recieved",
      "Reject"
    ],
    [
      "Grant Total",
      "0",
      "",
      "",
      "",
      "",
      "",
      "",
      "",
      ""
    ]
  ],
  "Dhanmondi": [
    [
      "###",
      "Transfer Date",
      "Transfer Code",
      "Product Code",
      "Order ID",
      "Transfer to Branch",
      "Transfer From Branch",
      "Bank Name and Branch",
      "Check No",
      "Check Amount",
      "Transfer Status",
      "Product Purchase Price",
      "Distributor Name",
      "Product Category",
      "Product Category",
      "Action"
    ],
    [
      "Recieved",
      "Reject"
    ],
    [
      "Grant Total",
      "0",
      "",
      "",
      "",
      "",
      "",
      "",
      "",
      ""
    ]
  ],
  "Shamoly": [
    [
      "###",
      "Transfer Date",
      "Transfer Code",
      "Product Code",
      "Order ID",
      "Transfer to Branch",
      "Transfer From Branch",
      "Bank Name and Branch",
      "Check No",
      "Check Amount",
      "Transfer Status",
      "Product Purchase Price",
      "Distributor Name",
      "Product Category",
      "Product Category",
      "Action"
    ],
    [
      "Recieved",
      "Reject"
    ],
    [
      "1",
      "2022-02-10",
      "000530001",
      "000530004",
      "0005300004",
      "Pallobi-NEED",
      "Shamoly",
      "SIBL-Pallabi Branch",
      "0000003",
      "1991",
      "Received",
      "1",
      "1991",
      "Singer",
      "Sewing Machine",
      "From Branch",
      ""
    ],
    [
      "Grant Total",
      "1",
      "1991",
      "",
      "",
      "",
      "",
      "",
      "",
      ""
    ]
  ],
  "Armanitola": [
    [
      "###",
      "Transfer Date",
      "Transfer Code",
      "Product Code",
      "Order ID",
      "Transfer to Branch",
      "Transfer From Branch",
      "Bank Name and Branch",
      "Check No",
      "Check Amount",
      "Transfer Status",
      "Product Purchase Price",
      "Distributor Name",
      "Product Category",
      "Product Category",
      "Action"
    ],
    [
      "Recieved",
      "Reject"
    ],
    [
      "Grant Total",
      "0",
      "",
      "",
      "",
      "",
      "",
      "",
      "",
      ""
    ]
  ],
  "Siddirgonj": [
    [
      "###",
      "Transfer Date",
      "Transfer Code",
      "Product Code",
      "Order ID",
      "Transfer to Branch",
      "Transfer From Branch",
      "Bank Name and Branch",
      "Check No",
      "Check Amount",
      "Transfer Status",
      "Product Purchase Price",
      "Distributor Name",
      "Product Category",
      "Product Category",
      "Action"
    ],
    [
      "Recieved",
      "Reject"
    ],
    [
      "1",
      "2022-06-22",
      "000760004",
      "000760018",
      "0007600007",
      "Sanarpar",
      "Siddirgonj",
      "Exim Bank",
      "0446768",
      "29992",
      "Received",
      "1",
      "29992",
      "Singer",
      "Refrigerator",
      "From Branch",
      ""
    ],
    [
      "2",
      "2022-06-22",
      "000760005",
      "000760038",
      "0007600006",
      "Sanarpar",
      "Siddirgonj",
      "Exim Bank",
      "446768",
      "27816",
      "Received",
      "1",
      "27818",
      "Singer",
      "Refrigerator",
      "From Branch",
      ""
    ],
    [
      "Grant Total",
      "2",
      "57808",
      "",
      "",
      "",
      "",
      "",
      "",
      ""
    ]
  ],
  "noyabazar090": [
    [
      "###",
      "Transfer Date",
      "Transfer Code",
      "Product Code",
      "Order ID",
      "Transfer to Branch",
      "Transfer From Branch",
      "Bank Name and Branch",
      "Check No",
      "Check Amount",
      "Transfer Status",
      "Product Purchase Price",
      "Distributor Name",
      "Product Category",
      "Product Category",
      "Action"
    ],
    [
      "Recieved",
      "Reject"
    ],
    [
      "Grant Total",
      "0",
      "",
      "",
      "",
      "",
      "",
      "",
      "",
      ""
    ]
  ],
  "Noyabazarone": [
    [
      "###",
      "Transfer Date",
      "Transfer Code",
      "Product Code",
      "Order ID",
      "Transfer to Branch",
      "Transfer From Branch",
      "Bank Name and Branch",
      "Check No",
      "Check Amount",
      "Transfer Status",
      "Product Purchase Price",
      "Distributor Name",
      "Product Category",
      "Product Category",
      "Action"
    ],
    [
      "Recieved",
      "Reject"
    ],
    [
      "1",
      "2022-05-07",
      "000120003",
      "000120016",
      "0001200008",
      "Armanitola",
      "Noyabazar-1",
      "Agrani Bank & Becharamdewri",
      "3664060",
      "27817",
      "Received",
      "1",
      "27817",
      "Singer",
      "Refrigerator",
      "From Branch",
      ""
    ],
    [
      "2",
      "2022-01-13",
      "000120001",
      "000120010",
      "0001200006",
      "Noyabazar-3",
      "Noyabazar-1",
      "0",
      "0",
      "0",
      "Received",
      "1",
      "24773",
      "Singer",
      "Smart TV",
      "From Branch",
      ""
    ],
    [
      "3",
      "2022-01-13",
      "000120004",
      "000120012",
      "0001200006",
      "Noyabazar-2",
      "Noyabazar-1",
      "0",
      "0",
      "0",
      "Received",
      "1",
      "24773",
      "Singer",
      "Smart TV",
      "From Branch",
      ""
    ],
    [
      "Grant Total",
      "3",
      "27817",
      "",
      "",
      "",
      "",
      "",
      "",
      ""
    ]
  ],
  "Noyabazar-2": [
    [
      "###",
      "Transfer Date",
      "Transfer Code",
      "Product Code",
      "Order ID",
      "Transfer to Branch",
      "Transfer From Branch",
      "Bank Name and Branch",
      "Check No",
      "Check Amount",
      "Transfer Status",
      "Product Purchase Price",
      "Distributor Name",
      "Product Category",
      "Product Category",
      "Action"
    ],
    [
      "Recieved",
      "Reject"
    ],
    [
      "1",
      "2023-01-10",
      "001250001",
      "001250009",
      "0012500005",
      "Armanitola",
      "Noyabazar-2",
      "Agrani Bank & Becharamdewri",
      "3664063",
      "37383",
      "Received",
      "1",
      "37382",
      "Singer",
      "Smart TV",
      "From Branch",
      ""
    ],
    [
      "Grant Total",
      "1",
      "37383",
      "",
      "",
      "",
      "",
      "",
      "",
      ""
    ]
  ]
}