{
  "Konapara": {
    "branchName": "(00024) Konapara",
    "workingDate": "2024-07-01",
    "reportingDate": "2024-07-01T06:37:39.463Z"
  },
  "Postogola": {
    "branchName": "(00069) Postogola",
    "workingDate": "2024-07-01",
    "reportingDate": "2024-07-01T06:37:42.534Z"
  },
  "Uttara": {
    "branchName": "(00103) Uttara",
    "workingDate": "2024-07-01",
    "reportingDate": "2024-07-01T06:37:47.246Z"
  },
  "Badda": {
    "branchName": "(00022) Badda",
    "workingDate": "2024-07-01",
    "reportingDate": "2024-07-01T06:37:50.135Z"
  },
  "Dakkhin khan": {
    "branchName": "(00063) Dakkhin Khan",
    "workingDate": "2024-07-01",
    "reportingDate": "2024-07-01T06:37:51.572Z"
  },
  "Azampur": {
    "branchName": "(00010) Azampur",
    "workingDate": "2024-07-01",
    "reportingDate": "2024-07-01T06:37:51.682Z"
  },
  "Jatrabari": {
    "branchName": "(00040) Jatrabari",
    "workingDate": "2024-07-01",
    "reportingDate": "2024-07-01T06:37:53.230Z"
  },
  "Fotullaone": {
    "branchName": "(00016) Fotulla-1",
    "workingDate": "2024-07-01",
    "reportingDate": "2024-07-01T06:37:57.238Z"
  },
  "Panchaboti": {
    "branchName": "(00057) Panchaboti",
    "workingDate": "2024-07-01",
    "reportingDate": "2024-07-01T06:38:01.120Z"
  },
  "Fotulla-2": {
    "branchName": "(00073) Fotulla-2",
    "workingDate": "2024-07-01",
    "reportingDate": "2024-07-01T06:38:01.121Z"
  },
  "Lalbag": {
    "branchName": "(00044) Lalbag",
    "workingDate": "2024-07-01",
    "reportingDate": "2024-07-01T06:38:04.244Z"
  },
  "Dhanmondi": {
    "branchName": "(00020) Dhanmondi",
    "workingDate": "2024-07-01",
    "reportingDate": "2024-07-01T06:38:04.707Z"
  },
  "Shamoly": {
    "branchName": "(00053) Shamoly",
    "workingDate": "2024-07-01",
    "reportingDate": "2024-07-01T06:38:09.805Z"
  },
  "Noyabazarone": {
    "branchName": "(00012) Noyabazar-1",
    "workingDate": "2024-07-01",
    "reportingDate": "2024-07-01T06:38:12.962Z"
  },
  "Armanitola": {
    "branchName": "(00014) Armanitola",
    "workingDate": "2024-07-01",
    "reportingDate": "2024-07-01T06:38:13.539Z"
  },
  "noyabazar090": {
    "branchName": "(00090) Noyabazar-3",
    "workingDate": "2024-07-01",
    "reportingDate": "2024-07-01T06:38:15.345Z"
  },
  "Noyabazar-2": {
    "branchName": "(00125) Noyabazar-2",
    "workingDate": "2024-07-01",
    "reportingDate": "2024-07-01T06:38:15.822Z"
  },
  "Sabuzbag": {
    "branchName": "(00026) Sabuzbag",
    "workingDate": "2024-07-01",
    "reportingDate": "2024-07-01T06:38:17.382Z"
  }
}